Workbook

Sheet Pinout
A1: Kestrel8 Backplane - DIN 41612 3x32 (96 pin)
A2: Edit signal names in this grid (the pin assignment lives here); the Signals sheet looks them up.
A4: Pin | B4: Row A | C4: Row B | D4: Row C | F4: Legend
A5: 1 | B5: GND | C5: GND | D5: GND | F5: Power | G5: Supply rails
A6: 2 | B6: ADR_0 | C6: CLK | D6: /RA_OUT | F6: System | G6: Clock, reset, status (backplane)
A7: 3 | B7: ADR_1 | C7: GND | D7: /RB_OUT | F7: Data | G7: 8-bit data bus (bidirectional)
A8: 4 | B8: ADR_2 | C8: /RESET | D8: /RD_IN | F8: Address | G8: 16-bit address bus
A9: 5 | B9: ADR_3 | C9: HALTED | D9: /X_IN | F9: IR | G9: Instruction register fields
A10: 6 | B10: ADR_4 | C10: IR0_0 | D10: /Y_IN | F10: Control | G10: Microcode control strobes
A11: 7 | B11: ADR_5 | C11: IR0_1 | D11: /ALU_OUT | F11: Flags | G11: ALU flags to control unit
A12: 8 | B12: ADR_6 | C12: IR0_2 | D12: /F_IN | F12: I/O | G12: I/O port / future I/O cards
A13: 9 | B13: ADR_7 | C13: IR0_3 | D13: ALU_FUNC | F13: Spare | G13: Unassigned - reserved
A14: 10 | B14: ADR_8 | C14: IR1_0 | D14: /SEL_CMP
A15: 11 | B15: ADR_9 | C15: IR1_1 | D15: /MAR_IN | F15: Signals placed | G15: =COUNTIF(Signals!$H$2:$H$67,"<>NOT PLACED")&" / 66"
A16: 12 | B16: ADR_10 | C16: IR1_2 | D16: /RAM_IN | F16: Spare pins | G16: =COUNTBLANK(B5:D36)
A17: 13 | B17: ADR_11 | C17: IR1_6 | D17: /RAM_OUT
A18: 14 | B18: ADR_12 | C18: IR1_7 | D18: /THI_IN | F18: Notes
A19: 15 | B19: ADR_13 | C19: GND | D19: /TLO_IN | F19: / = active low. Names match the KiCad global labels ({slash} in the files).
A20: 16 | B20: ADR_14 | C20: /C | D20: GND | F20: GND: pin 1 (all rows), A18, B3, B15, B24, C16. VCC: pin 32 (all rows).
A21: 17 | B21: ADR_15 | C21: /Z | D21: /T_OUT | F21: CLK at B2 sits between GND pins B1 and B3.
A22: 18 | B22: GND | C22: /IRQ | D22: /IO_0 | F22: Spare pins left for future I/O cards and per-card decode.
A23: 19 | B23: DAT_0 | C23: /IACK | D23: /IO_1 | F23: Driver "Backplane" = clock, reset and front-panel circuitry on the backplane.
A24: 20 | B24: DAT_1 | D24: /IO_2
A25: 21 | B25: DAT_2 | D25: /IO_3
A26: 22 | B26: DAT_3 | D26: /IO_4
A27: 23 | B27: DAT_4 | D27: /IO_5
A28: 24 | B28: DAT_5 | C28: GND | D28: /IO_6
A29: 25 | B29: DAT_6 | D29: /IO_7
A30: 26 | B30: DAT_7
A31: 27 | B31: /IO_SEL
A32: 28
A33: 29
A34: 30
A35: 31
A36: 32 | B36: VCC | C36: VCC | D36: VCC

Sheet Signals
A1: Signal | B1: Group | C1: Active | D1: Driver | E1: Receivers | F1: Description | G1: Pins used | H1: Pin
A2: GND | B2: Power | C2: - | D2: Backplane | E2: All | F2: Ground | G2: =COUNTIF(Pinout!$B$5:$D$36,A2) | H2: =IFERROR("A"&INDEX(Pinout!$A$5:$A$36,MATCH(A2,Pinout!$B$5:$B$36,0)),IFERROR("B"&INDEX(Pinout!$A$5:$A$36,MATCH(A2,Pinout!$C$5:$C$36,0)),IFERROR("C"&INDEX(Pinout!$A$5:$A$36,MATCH(A2,Pinout!$D$5:$D$36,0)),"NOT PLACED")))
A3: VCC | B3: Power | C3: - | D3: Backplane | E3: All | F3: +5 V | G3: =COUNTIF(Pinout!$B$5:$D$36,A3) | H3: =IFERROR("A"&INDEX(Pinout!$A$5:$A$36,MATCH(A3,Pinout!$B$5:$B$36,0)),IFERROR("B"&INDEX(Pinout!$A$5:$A$36,MATCH(A3,Pinout!$C$5:$C$36,0)),IFERROR("C"&INDEX(Pinout!$A$5:$A$36,MATCH(A3,Pinout!$D$5:$D$36,0)),"NOT PLACED")))
A4: CLK | B4: System | C4: High | D4: Backplane | E4: All | F4: System clock (rising edge) | G4: =COUNTIF(Pinout!$B$5:$D$36,A4) | H4: =IFERROR("A"&INDEX(Pinout!$A$5:$A$36,MATCH(A4,Pinout!$B$5:$B$36,0)),IFERROR("B"&INDEX(Pinout!$A$5:$A$36,MATCH(A4,Pinout!$C$5:$C$36,0)),IFERROR("C"&INDEX(Pinout!$A$5:$A$36,MATCH(A4,Pinout!$D$5:$D$36,0)),"NOT PLACED")))
A5: /RESET | B5: System | C5: Low | D5: Backplane | E5: Control, ALU | F5: Reset button, active low | G5: =COUNTIF(Pinout!$B$5:$D$36,A5) | H5: =IFERROR("A"&INDEX(Pinout!$A$5:$A$36,MATCH(A5,Pinout!$B$5:$B$36,0)),IFERROR("B"&INDEX(Pinout!$A$5:$A$36,MATCH(A5,Pinout!$C$5:$C$36,0)),IFERROR("C"&INDEX(Pinout!$A$5:$A$36,MATCH(A5,Pinout!$D$5:$D$36,0)),"NOT PLACED")))
A6: HALTED | B6: System | C6: High | D6: Control | E6: Backplane | F6: HALT indicator LED | G6: =COUNTIF(Pinout!$B$5:$D$36,A6) | H6: =IFERROR("A"&INDEX(Pinout!$A$5:$A$36,MATCH(A6,Pinout!$B$5:$B$36,0)),IFERROR("B"&INDEX(Pinout!$A$5:$A$36,MATCH(A6,Pinout!$C$5:$C$36,0)),IFERROR("C"&INDEX(Pinout!$A$5:$A$36,MATCH(A6,Pinout!$D$5:$D$36,0)),"NOT PLACED")))
A7: DAT_0 | B7: Data | C7: High | D7: Any | E7: Any | F7: Data bus | G7: =COUNTIF(Pinout!$B$5:$D$36,A7) | H7: =IFERROR("A"&INDEX(Pinout!$A$5:$A$36,MATCH(A7,Pinout!$B$5:$B$36,0)),IFERROR("B"&INDEX(Pinout!$A$5:$A$36,MATCH(A7,Pinout!$C$5:$C$36,0)),IFERROR("C"&INDEX(Pinout!$A$5:$A$36,MATCH(A7,Pinout!$D$5:$D$36,0)),"NOT PLACED")))
A8: DAT_1 | B8: Data | C8: High | D8: Any | E8: Any | F8: Data bus | G8: =COUNTIF(Pinout!$B$5:$D$36,A8) | H8: =IFERROR("A"&INDEX(Pinout!$A$5:$A$36,MATCH(A8,Pinout!$B$5:$B$36,0)),IFERROR("B"&INDEX(Pinout!$A$5:$A$36,MATCH(A8,Pinout!$C$5:$C$36,0)),IFERROR("C"&INDEX(Pinout!$A$5:$A$36,MATCH(A8,Pinout!$D$5:$D$36,0)),"NOT PLACED")))
A9: DAT_2 | B9: Data | C9: High | D9: Any | E9: Any | F9: Data bus | G9: =COUNTIF(Pinout!$B$5:$D$36,A9) | H9: =IFERROR("A"&INDEX(Pinout!$A$5:$A$36,MATCH(A9,Pinout!$B$5:$B$36,0)),IFERROR("B"&INDEX(Pinout!$A$5:$A$36,MATCH(A9,Pinout!$C$5:$C$36,0)),IFERROR("C"&INDEX(Pinout!$A$5:$A$36,MATCH(A9,Pinout!$D$5:$D$36,0)),"NOT PLACED")))
A10: DAT_3 | B10: Data | C10: High | D10: Any | E10: Any | F10: Data bus | G10: =COUNTIF(Pinout!$B$5:$D$36,A10) | H10: =IFERROR("A"&INDEX(Pinout!$A$5:$A$36,MATCH(A10,Pinout!$B$5:$B$36,0)),IFERROR("B"&INDEX(Pinout!$A$5:$A$36,MATCH(A10,Pinout!$C$5:$C$36,0)),IFERROR("C"&INDEX(Pinout!$A$5:$A$36,MATCH(A10,Pinout!$D$5:$D$36,0)),"NOT PLACED")))
A11: DAT_4 | B11: Data | C11: High | D11: Any | E11: Any | F11: Data bus | G11: =COUNTIF(Pinout!$B$5:$D$36,A11) | H11: =IFERROR("A"&INDEX(Pinout!$A$5:$A$36,MATCH(A11,Pinout!$B$5:$B$36,0)),IFERROR("B"&INDEX(Pinout!$A$5:$A$36,MATCH(A11,Pinout!$C$5:$C$36,0)),IFERROR("C"&INDEX(Pinout!$A$5:$A$36,MATCH(A11,Pinout!$D$5:$D$36,0)),"NOT PLACED")))
A12: DAT_5 | B12: Data | C12: High | D12: Any | E12: Any | F12: Data bus | G12: =COUNTIF(Pinout!$B$5:$D$36,A12) | H12: =IFERROR("A"&INDEX(Pinout!$A$5:$A$36,MATCH(A12,Pinout!$B$5:$B$36,0)),IFERROR("B"&INDEX(Pinout!$A$5:$A$36,MATCH(A12,Pinout!$C$5:$C$36,0)),IFERROR("C"&INDEX(Pinout!$A$5:$A$36,MATCH(A12,Pinout!$D$5:$D$36,0)),"NOT PLACED")))
A13: DAT_6 | B13: Data | C13: High | D13: Any | E13: Any | F13: Data bus | G13: =COUNTIF(Pinout!$B$5:$D$36,A13) | H13: =IFERROR("A"&INDEX(Pinout!$A$5:$A$36,MATCH(A13,Pinout!$B$5:$B$36,0)),IFERROR("B"&INDEX(Pinout!$A$5:$A$36,MATCH(A13,Pinout!$C$5:$C$36,0)),IFERROR("C"&INDEX(Pinout!$A$5:$A$36,MATCH(A13,Pinout!$D$5:$D$36,0)),"NOT PLACED")))
... A67: /IACK | B67: I/O | C67: Low | D67: Control | E67: I/O cards | F67: RESERVED: interrupt acknowledge, card releases /IRQ | G67: =COUNTIF(Pinout!$B$5:$D$36,A67) | H67: =IFERROR("A"&INDEX(Pinout!$A$5:$A$36,MATCH(A67,Pinout!$B$5:$B$36,0)),IFERROR("B"&INDEX(Pinout!$A$5:$A$36,MATCH(A67,Pinout!$C$5:$C$36,0)),IFERROR("C"&INDEX(Pinout!$A$5:$A$36,MATCH(A67,Pinout!$D$5:$D$36,0)),"NOT PLACED")))
A69: Pin shows the first placement; power uses several pins (see Pins used). Red = signal missing or placed twice. Edit the Pinout grid, not this sheet's formulas.
